<?xml version='1.0' encoding='UTF-8'?>
<features name="switchyard-karaf-2.0.1.redhat-621169">

    <repository>mvn:org.switchyard.karaf/switchyard/2.0.1.redhat-621169/xml/core-features</repository>
    <repository>mvn:org.apache.camel.karaf/apache-camel/2.15.1.redhat-621169/xml/features</repository>
    <repository>mvn:org.apache.cxf.karaf/apache-cxf/3.0.4.redhat-621169/xml/features</repository>
    <repository>mvn:org.apache.activemq/activemq-karaf/5.11.0.redhat-621169/xml/features</repository>

</features>
